1,Emil,ZAJĄC,M,2000-10-18
2,Daniela,JAWORSKA,F,2000-01-04
3,Robert,BARAN,M,1978-11-11
4,Paweł,KACZMARCZYK,M,1986-12-22
5,Daniela,GÓRECKA,F,1982-11-16
6,Michalina,ADAMCZYK,F,1994-01-23
7,Kazimierz,WIECZOREK,M,1964-06-22
8,Zbigniew,ADAMCZYK,M,1966-07-18
9,Bogusław,KOWALCZYK,M,1967-01-13
10,Mikołaj,GRABOWSKI,M,1960-11-11
11,Daniel,KAMIŃSKI,M,1955-08-25
12,Wioletta,JAKUBOWSKA,F,1972-04-19
13,Ludwik,GAJEWSKI,M,1985-12-26
14,Agata,MALINOWSKA,F,1945-12-27
15,Mirosława,KRÓL,F,1963-01-24
16,Tomasz,WRÓBLEWSKI,M,1980-09-05
17,Stanisława,WRÓBEL,FM,1970-01-23
18,Celina,SZYMAŃSKA,F,1971-08-05
19,Daniel,MAJEWSKI,M,1947-04-04
20,Leon,KACZMARCZYK,M,1991-12-31
21,Aleksandra,WIŚNIEWSKA,F,1969-09-18
22,Marek,WOŹNIAK,M,1968-10-07
23,Walentyna,PRZYBYLSKA,F,1995-03-07
24,Karol,MRÓZ,M,1985-04-15
25,Andrzej,PIETRZAK,M,1976-08-17
26,Gerard,JABŁOŃSKI,M,1982-10-07
27,Lech,MACIEJEWSKI,M,1954-07-10
28,Walentyna,PAWLAK,F,1958-04-26
29,Stefania,SIKORA,F,1961-04-30
30,Alina,PAWŁOWSKA,F,1961-08-16
31,Cezary,DUDEK,M,1962-01-06
32,Mirosława,OSTROWSKA,F,1956-06-26
33,Romuald,WRÓBEL,M,1979-03-26
34,Olga,BORKOWSKA,F,1958-04-04
35,Przemysław,WRÓBEL,M,1997-04-14
36,Grzegorz,SADOWSKI,M,1943-11-26
37,Franciszka,PAWŁOWSKA,F,1987-02-24
38,Bernard,KUCHARSKI,M,1953-02-26
39,Rafał,GÓRSKI,M,1961-01-27
40,Ignacy,JASIŃSKI,M,1950-05-31
41,Danuta,ANDRZEJEWSKA,F,1975-09-11
42,Aniela,SOBCZAK,F,2000-06-02
43,Tomasz,SZULC,M,1965-10-01
44,Jacek,SZULC,M,1975-05-16
45,Arkadiusz,KONIECZNY,MM,2020-01-08
46,Róża,MACIEJEWSKA,F,1973-04-29
47,Maria,DUDA,F,1999-01-20
48,Wiktor,NOWAKOWSKI,M,1973-03-29
49,Sebastian,DUDEK,M,1987-05-15
50,Stefania,OLSZEWSKA,F,1955-01-26
51,Honorata,JAKUBOWSKA,F,1972-12-13
52,Ludwik,BRZEZIŃSKI,M,1990-12-25
53,Emilia,STĘPIEŃ,F,1972-11-30
54,Renata,SZYMCZAK,F,1978-08-15
55,Edward,KOŁODZIEJ,M,1956-01-24
56,Dorota,PIOTROWSKA,F,1991-06-12
57,Feliks,WITKOWSKI,M,1983-06-20
58,Leszek,WRÓBEL,M,1990-06-28
59,Ignacy,PAWLAK,M,1988-01-29
60,Marek,LEWANDOWSKI,M,1976-01-24
61,Czesław,SZEWCZYK,M,1961-08-23
62,Stefania,BORKOWSKA,F,1976-02-28
63,Jakub,PIETRZAK,M,1943-08-31
64,Damian,NOWICKI,M,1949-05-11
65,Leon,KOWALCZYK,M,1956-04-25
66,Julia,ZIELIŃSKA,F,2019-03-08
67,Stefan,KUBIAK,M,1992-06-16
68,Zdzisława,KAMIŃSKA,F,1999-06-29
69,Emil,CZERWIŃSKI,M,1997-02-16
70,Bogumił,NOWAKOWSKI,M,1946-01-18
71,Krzysztof,ZAWADZKI,M,1999-08-25
72,Zuzanna,PRZYBYLSKA,F,1996-10-15
73,Katarzyna,KUCHARSKA,F,1980-11-11
74,Alfred,KRUPA,M,1999-10-08
75,Mirosława,JAWORSKA,F,2000-07-07
76,Wiktor,SZULC,M,1946-03-31
77,Wojciech,WRÓBEL,M,1990-04-16
78,Feliks,CIEŚLAK,M,1966-03-14
79,Felicja,WILK,F,1965-07-09
80,Agata,SZYMCZAK,F,1973-10-09
81,Małgorzata,WIECZOREK,F,1979-03-14
82,Janusz,URBAŃSKI,M,1983-12-08
83,Marianna,MAZUREK,FF,1990-12-01
84,Aleksander,SIKORSKI,M,1954-11-30
85,Czesław,GŁOWACKI,M,1951-03-21
86,Monika,KACZMARCZYK,F,1992-05-16
87,Alina,WITKOWSKA,F,1949-03-11
88,Janina,KAŹMIERCZAK,F,1969-11-02
89,Justyna,WILK,F,1979-12-14
90,Alina,ZAWADZKA,F,1943-03-20
91,Wiesław,SIKORA,M,1952-11-26
92,Agata,LEWANDOWSKA,F,1964-03-24
93,Hieronim,WIECZOREK,M,1947-02-11
94,Stanisław,KAŹMIERCZAK,M,1981-02-08
95,Ireneusz,WRÓBEL,M,1985-08-09
96,Adam,KACZMARCZYK,M,1960-04-05
97,Krystian,LEWANDOWSKI,M,1964-06-28
98,Wacław,ZAWADZKI,M,1987-12-14
99,Norbert,ZAWADZKI,M,1998-02-03
100,Zofia,STĘPIEŃ,F,1974-08-06
101,Bożena,ANDRZEJEWSKA,F,1963-04-18
102,Natalia,CHMIELEWSKA,F,1977-04-22
103,Wiktor,MAKOWSKI,M,1971-09-21
104,Renata,WÓJCIK,F,1970-06-28
105,Janina,RUTKOWSKA,F,1990-05-09
106,Jerzy,MICHALSKI,M,2001-02-27
107,Karolina,WOJCIECHOWSKA,F,1990-03-12
108,Lidia,KUBIAK,F,1961-01-02
109,Alicja,WRÓBLEWSKA,F,1973-09-11
110,Olga,KRAWCZYK,F,1985-09-27
111,Kazimierz,SZYMAŃSKI,M,1983-08-05
112,Regina,KRAWCZYK,F,1968-07-25
113,Hubert,JAWORSKI,M,1944-05-03
114,Mirosław,A,M,1950-06-28
115,Wiesława,KRUPA,F,1988-08-25
116,Leon,NOWAKOWSKI,M,1956-02-25
117,Marcin,JAKUBOWSKI,M,1990-09-14
118,Mikołaj,ZAWADZKI,M,1960-05-02
119,Piotr,WITKOWSKI,M,1980-11-02
120,Rafał,MACIEJEWSKI,M,1996-06-06
121,Marzena,MALINOWSKA,F,1948-05-08
122,Zofia,MAZUREK,F,1989-08-04
123,Antoni,SZULC,M,1956-10-16
124,Julian,SZYMCZAK,M,1961-10-28
125,Wiktor,JAKUBOWSKI,M,1982-04-06
126,Eleonora,KACZMARCZYK,F,1981-12-07
127,Alfred,MICHALAK,M,1990-01-19
128,Emilia,NOWAKOWSKA,F,1968-07-30
129,Paweł,DUDEK,M,1971-05-11
130,Halina,SZYMAŃSKA,F,1995-02-10
131,Dorota,PIETRZAK,F,1972-10-12
132,Ludwik,WALCZAK,M,1946-02-11
133,Wiktoria,SIKORA,F,1988-06-07
134,Marzena,SZCZEPAŃSKA,F,1945-08-02
135,Władysława,GÓRSKA,F,1961-02-05
136,Alfred,BRZEZIŃSKI,M,1989-10-25
137,Daniel,MARCINIAK,M,1976-09-30
138,Waldemar,WRÓBEL,M,1957-03-07
139,Antonina,BOROWSKA,F,1971-11-02
140,Aleksander,PRZYBYLSKI,M,1987-09-18
141,Elżbieta,BOROWSKA,F,1963-11-28
142,Anna,MICHALSKA,F,1959-05-04
143,Jolanta,PIOTROWSKA,F,1968-10-07
144,Ryszard,KRÓL,M,1947-08-13
145,Bogumił,GRABOWSKI,M,1952-04-08
146,Aleksander,KRUPA,M,1960-04-05
147,Barbara,SIKORSKA,F,1973-10-03
148,Marzena,KALINOWSKA,F,1998-07-30
149,Zygmunt,WŁODARCZYK,M,1999-09-27
150,Henryk,KOŁODZIEJ,M,1954-05-12
151,Halina,KACZMAREK,F,1953-06-30
152,Dorota,WOŹNIAK,F,1945-08-22
153,Mikołaj,SOBCZAK,M,1965-09-05
154,Halina,NOWICKA,F,1996-07-11
155,Alicja,JASIŃSKA,F,1962-09-30
156,Bogdan,LASKOWSKI,M,1959-05-04
157,Genowefa,MALINOWSKA,F,1993-09-15
158,Sylwester,SOKOŁOWSKI,M,1979-12-10
159,Jolanta,SOBCZAK,F,1953-11-08
160,Bogumił,SIKORA,M,1949-05-16
161,Michalina,PIETRZAK,F,1979-06-25
162,Izabela,WIECZOREK,F,1994-12-16
163,Teodor,KOWALSKI,M,1989-07-22
164,Józef,BRZEZIŃSKI,M,1980-10-24
165,Weronika,KRAWCZYK,F,1975-04-14
166,Norbert,BŁASZCZYK,M,1978-01-13
167,Rozalia,DĄBROWSKA,F,2002-11-18
168,Michał,MRÓZ,M,2002-01-13
169,Gabriela,GÓRSKA,F,1961-07-07
170,Ryszard,KRAJEWSKI,M,1962-05-12
171,Izabela,DĄBROWSKA,F,1986-11-10
172,Weronika,KOWALSKA,F,1971-07-07
173,Radosław,MAZUR,M,1950-03-05
174,Romuald,DUDA,M,1983-01-05
175,Agata,KAŹMIERCZAK,F,2001-11-14
176,Weronika,WOŹNIAK,F,1949-02-21
177,Joachim,DUDEK,M,1970-01-04
178,Waldemar,ZAWADZKI,M,1991-07-01
179,Artur,PIETRZAK,M,1984-05-23
180,Bogdan,JAWORSKI,M,1957-11-03
181,Jerzy,SAWICKI,M,1988-02-02
182,Teresa,ZALEWSKA,F,1996-08-29
183,Benedykt,SOKOŁOWSKI,M,1986-06-09
184,Krystian,SIKORA,M,1999-09-10
185,Jakub,MAZUREK,M,1976-08-15
186,Jakub,SZCZEPAŃSKI,M,1968-08-13
187,Józefa,DUDEK,F,1957-09-01
188,Ludwika,KRÓL,F,1989-05-31
189,Hubert,WŁODARCZYK,M,1985-12-13
190,Robert,ZAWADZKI,M,1981-10-16
191,Damian,KAMIŃSKI,M,1986-06-21
192,Zdzisława,ZALEWSKA,F,1975-10-24
193,Alojzy,MAZUREK,M,1974-07-23
194,Alojzy,WÓJCIK,M,1973-11-23
195,Jakub,KOZŁOWSKI,M,1948-07-26
196,Monika,MICHALSKA,F,2000-05-27
197,Zenon,WALCZAK,M,1958-04-24
198,Emil,CIEŚLAK,M,1966-07-26
199,Bernadeta,KRUPA,F,1999-07-09
200,Bożena,KUBIAK,F,1983-01-04
201,Daniel,CHMIELEWSKI,M,1969-04-18
202,Aleksander,LEWANDOWSKI,M,1998-02-11
203,Leokadia,RUTKOWSKA,F,1962-05-25
204,Hieronim,KAŹMIERCZAK,M,1964-01-16
205,F,NOWICKA,F,1974-02-09
206,Wojciech,CIEŚLAK,M,1978-04-30
207,Franciszka,WALCZAK,F,1979-01-29
208,Zdzisława,MAZUR,F,1953-12-29
209,Maciej,KRAJEWSKI,M,1961-07-09
210,Rozalia,BOROWSKA,F,1974-11-18
211,Damian,WASILEWSKI,M,1996-10-11
212,Joachim,WALCZAK,M,1959-10-20
213,Mikołaj,PAWŁOWSKI,M,1989-08-04
214,Julian,WOŹNIAK,M,2002-02-01
215,Michalina,BOROWSKA,F,1978-07-17
216,Janusz,CZARNECKI,M,1978-02-21
217,Hanna,GÓRSKA,F,2001-10-06
218,Janina,WALCZAK,F,1956-01-11
219,Maria,ZALEWSKA,F,1984-12-20
220,Bolesław,ADAMCZYK,M,1956-12-24
221,Rudolf,MICHALSKI,M,2001-01-30
222,Wincenty,ADAMCZYK,M,1943-02-17
223,Jakub,KOWALCZYK,M,1945-10-29
224,Roman,DĄBROWSKI,M,1994-01-04
225,Jakub,JASIŃSKI,M,2002-10-21
226,Zygmunt,DUDEK,M,1970-03-23
227,Marian,KOZŁOWSKI,M,1978-12-08
228,Leokadia,BOROWSKA,F,1957-07-31
229,Jerzy,PIETRZAK,M,1959-02-05
230,Hubert,NOWICKI,M,1989-10-16
231,Antonina,MRÓZ,F,1970-08-15
232,Alfreda,MARCINIAK,F,1954-05-05
233,Wiesław,KACZMARCZYK,M,1996-03-30
234,Henryk,MAJEWSKI,M,1959-11-10
235,Józefa,NOWAK,F,1993-07-16
236,Bogumiła,MAJEWSKA,F,1981-01-07
237,Dariusz,MAJEWSKI,M,2002-07-20
238,Irena,WRÓBLEWSKA,F,1952-09-07
239,Waldemar,MRÓZ,M,1995-09-01
240,Mirosław,ADAMCZYK,M,1989-10-27
241,Alicja,PIETRZAK,F,1948-04-13
242,Apolonia,RUTKOWSKA,F,1996-12-17
243,Cezary,PAWLAK,M,1948-03-01
244,Bogumiła,JAWORSKA,F,1972-05-30
245,Wojciech,LIS,M,1946-08-24
246,Szczepan,OLSZEWSKI,M,1944-12-16
247,Genowefa,WRÓBLEWSKA,F,1956-06-15
248,Małgorzata,SOKOŁOWSKA,F,1991-12-23
249,Alfreda,SIKORA,F,1964-06-06
250,Hubert,RUTKOWSKI,M,1991-02-01
251,Edyta,GAJEWSKA,F,1979-04-27
252,Julia,KRÓL,F,2002-03-14
253,Sebastian,NOWICKI,M,1972-05-01
254,Jerzy,PAWŁOWSKI,M,1948-10-25
255,Ludwik,BĄK,M,1994-02-27
256,Roman,WÓJCIK,M,1957-11-19
257,Wojciech,GÓRSKI,M,1987-06-26
258,Piotr,NOWAK,M,1994-03-16
259,Aleksander,WITKOWSKI,M,1966-05-20
260,Elżbieta,KOWALCZYK,F,1952-07-20
261,Ireneusz,KAŹMIERCZAK,M,1998-07-15
262,Bolesław,MARCINIAK,M,1966-11-02
263,Stefania,OLSZEWSKA,F,1953-09-29
264,Edyta,KALINOWSKA,F,1976-12-03
265,Ireneusz,ZAKRZEWSKI,M,1946-05-07
266,Gerard,BŁASZCZYK,M,1979-02-14
267,Czesław,LEWANDOWSKI,M,1992-06-30
268,Edyta,SZULC,F,1986-01-22
269,Mariola,KACZMARCZYK,F,1989-11-09
270,Ryszard,ADAMCZYK,M,1943-12-28
271,Aldona,KWIATKOWSKA,F,1990-07-05
272,Jarosław,KUBIAK,M,1960-06-05
273,Roman,NOWAK,M,1943-03-24
274,Alojzy,LASKOWSKI,M,1980-12-31
275,Weronika,BOROWSKA,F,1985-03-10
276,Krzysztof,JAKUBOWSKI,M,1957-12-05
277,Benedykt,ZAKRZEWSKI,M,1949-09-01
278,Violetta,NOWAKOWSKA,F,1978-09-26
279,Krystyna,WYSOCKA,F,1979-02-25
280,Alina,WIECZOREK,F,1988-08-22
281,Gertruda,WÓJCIK,F,1981-02-17
282,Marcin,BARANOWSKI,M,1984-03-22
283,Jarosław,NOWAK,M,1965-11-07
284,Lidia,GŁOWACKA,F,1982-01-19
285,Julia,WITKOWSKA,F,1976-01-21
286,Ewa,OLSZEWSKA,F,1983-03-26
287,Jacek,MALINOWSKI,M,1993-06-14
288,Czesława,GÓRSKA,F,1949-09-20
289,Zuzanna,ZAWADZKA,F,1982-10-20
290,Lucyna,BĄK,F,1983-01-05
291,Cezary,JABŁOŃSKI,M,1978-11-02
292,Leon,LIS,M,1991-10-12
293,Emilia,SADOWSKA,F,1977-05-03
294,Adam,KACZMAREK,M,1945-06-19
295,Wanda,KACZMAREK,F,1985-08-22
296,Eugenia,LASKOWSKA,F,1950-11-29
297,Mirosława,ZALEWSKA,F,1966-11-01
298,Julian,LIS,M,1996-02-18
299,Joachim,DUDA,M,1943-04-13
300,Daniel,KRAWCZYK,M,1943-06-14
301,Lucjan,KWIATKOWSKI,M,1991-03-30
302,Kazimiera,CHMIELEWSKA,F,1967-05-07
303,Rafał,SZYMAŃSKI,M,1953-12-07
304,Hubert,SZYMCZAK,M,1955-07-26
305,Antoni,BŁASZCZYK,M,1957-05-30
306,Alfons,PAWŁOWSKI,M,1995-12-03
307,Grażyna,WIECZOREK,F,1968-03-13
308,Julia,GRABOWSKA,F,1971-06-29
309,Cecylia,NOWAKOWSKA,F,1962-08-08
310,Alfred,SAWICKI,M,1952-06-16
311,Franciszek,PAWŁOWSKI,M,1990-08-11
312,Iwona,ZIELIŃSKA,F,1958-03-03
313,Bogusława,JAWORSKA,F,1949-10-27
314,Alina,BOROWSKA,F,1959-10-07
315,Antonina,KACZMAREK,F,1979-05-08
316,Wanda,CIEŚLAK,F,1995-01-15
317,Wanda,CZARNECKA,F,1964-03-18
318,Wojciech,PIOTROWSKI,M,1973-02-13
319,Zdzisław,GŁOWACKI,M,1979-08-02
320,Rozalia,ZALEWSKA,F,1966-09-11
321,Marta,GÓRECKA,F,1945-02-05
322,Eugeniusz,K,M,1956-11-25
323,Sebastian,WŁODARCZYK,M,1995-12-19
324,Aldona,ADAMSKA,F,1946-06-20
325,Łucja,MAZUR,F,1954-03-06
326,Antonina,MICHALSKA,F,1984-07-27
327,Witold,URBAŃSKI,M,1984-01-15
328,Bogumiła,KOZŁOWSKA,F,1991-09-26
329,Marzena,SZYMCZAK,F,1944-06-23
330,Dariusz,URBAŃSKI,M,1955-02-27
331,Arkadiusz,JAKUBOWSKI,M,1949-04-28
332,Aldona,CHMIELEWSKA,F,1972-05-31
333,Marian,LEWANDOWSKI,M,1960-01-25
334,Waldemar,KAMIŃSKI,M,1957-08-18
335,Barbara,GAJEWSKA,F,1970-08-17
336,Danuta,WOŹNIAK,F,1964-07-28
337,Violetta,KACZMARCZYK,F,1995-10-12
338,Maria,MACIEJEWSKA,F,1945-11-12
339,Wanda,WYSOCKA,F,1969-01-11
340,Leszek,CIEŚLAK,M,1995-01-01
341,Emil,WITKOWSKI,M,1979-01-06
342,Franciszek,BOROWSKI,M,1975-01-02
343,Wiktoria,PAWŁOWSKA,F,1957-08-01
344,Józefa,MALINOWSKA,F,1953-12-20
345,Stefan,PRZYBYLSKI,M,1951-07-27
346,Czesław,SIKORA,M,1960-07-26
347,Władysława,MARCINIAK,F,1969-04-21
348,Feliks,DUDA,M,1962-12-28
349,Adela,PIETRZAK,F,1945-03-15
350,Piotr,LASKOWSKI,M,1945-08-07
351,Władysława,GRABOWSKA,F,1992-11-11
352,Lidia,CZARNECKA,F,1964-07-07
353,Zuzanna,MACIEJEWSKA,F,1945-12-31
354,Lech,WÓJCIK,M,1953-09-28
355,Władysław,GRABOWSKI,M,1964-04-30
356,Stanisław,GAJEWSKI,M,1992-12-24
357,Irena,URBAŃSKA,F,1955-03-03
358,Jerzy,MAJEWSKI,M,1970-12-31
359,Marcin,WILK,M,1994-09-09
360,Małgorzata,DUDEK,F,1963-12-15
361,Wiesława,GAJEWSKA,F,1973-04-09
362,Hanna,MICHALSKA,F,1952-01-23
363,Maciej,BOROWSKI,M,2002-11-01
364,Róża,PAWŁOWSKA,F,1991-12-06
365,Regina,NOWAK,F,1982-05-23
366,Emilia,KOWALCZYK,F,1949-06-25
367,Bernard,BARANOWSKI,M,1975-09-18
368,Alfons,SIKORA,M,1982-08-24
369,Zofia,SIKORA,F,1955-01-07
370,Iwona,PAWLAK,F,1994-01-02
371,Aldona,BĄK,F,1976-12-01
372,Alfons,KACZMARCZYK,M,1944-04-15
373,Anna,JANKOWSKA,F,1978-01-25
374,Mikołaj,PAWŁOWSKI,M,1971-02-18
375,Edmund,WIECZOREK,M,2001-12-01
376,Tadeusz,DĄBROWSKI,M,1955-12-22
377,Hubert,BRZEZIŃSKI,M,1972-11-08
378,Marek,TOMASZEWSKI,M,1971-12-28
379,Jarosław,WŁODARCZYK,M,1960-02-12
380,Mariusz,PIOTROWSKI,M,1999-11-18
381,Henryka,ADAMSKA,F,1949-01-10
382,Mariola,GRABOWSKA,F,1985-02-18
383,Edmund,MARCINIAK,M,1946-10-18
384,Walentyna,SZYMAŃSKA,F,1982-11-07
385,Leonard,WŁODARCZYK,M,1998-03-29
386,Zygmunt,BARANOWSKI,M,1964-02-23
387,Wanda,MALINOWSKA,F,1975-10-09
388,Mariola,ZAWADZKA,F,1953-10-01
389,Justyna,PIETRZAK,F,1946-09-27
390,Violetta,SZULC,F,1953-05-31
391,Radosław,KUCHARSKI,M,1972-10-15
392,Róża,WŁODARCZYK,F,1954-08-25
393,Ryszard,CHMIELEWSKI,M,1954-07-30
394,Jerzy,WŁODARCZYK,M,1982-03-16
395,Hanna,BŁASZCZYK,F,1944-11-17
396,Monika,KUBIAK,F,1973-12-05
397,Józefa,WRÓBEL,F,1977-03-04
398,Katarzyna,MARCINIAK,F,1945-08-01
399,Emilia,MARCINIAK,F,2000-07-09
400,Wincenty,JANKOWSKI,M,1974-09-20
401,Zuzanna,ZIELIŃSKA,F,1957-02-18
402,Eugenia,PIETRZAK,F,1981-04-21
403,Romuald,SOBCZAK,M,1976-09-30
404,Benedykt,URBAŃSKI,M,1958-09-22
405,Małgorzata,WYSOCKA,F,1964-07-09
406,Irena,CZERWIŃSKA,F,1990-05-09
407,Agnieszka,ZAKRZEWSKA,F,1950-11-08
408,Romuald,BARAN,M,1950-07-21
409,Olga,SOBCZAK,F,1971-12-16
410,Walenty,SZCZEPAŃSKI,M,1988-04-24
411,Danuta,MAKOWSKA,F,1946-04-14
412,Krystyna,JAKUBOWSKA,F,1955-09-01
413,Sylwester,ZAWADZKI,M,1970-11-26
414,Honorata,ZAJĄC,F,1945-06-26
415,Zdzisław,NOWICKI,M,1960-04-19
416,Eleonora,ANDRZEJEWSKA,F,1961-01-13
417,Benedykt,TOMASZEWSKI,M,1958-10-21
418,Bogdan,PRZYBYLSKI,M,1968-07-19
419,Franciszek,MAKOWSKI,M,1971-10-14
420,Eugeniusz,JAWORSKI,M,1963-09-16
421,Wacława,SZCZEPAŃSKA,F,1998-08-31
422,Ludwika,BOROWSKA,F,1962-09-21
423,Tomasz,MACIEJEWSKI,M,1956-06-09
424,Edward,PAWLAK,M,1988-03-12
425,Apolonia,CHMIELEWSKA,F,1953-05-22
426,Monika,KOWALCZYK,F,1992-05-23
427,Sylwester,MICHALAK,M,1978-09-30
428,Bożena,MALINOWSKA,F,1945-05-19
429,Jacek,URBAŃSKI,M,1977-09-08
430,Beata,KUBIAK,F,2000-08-12
431,Lucjan,LEWANDOWSKI,M,1947-01-16
432,Bolesław,KRÓL,M,1976-02-10
433,Zenon,SZYMAŃSKI,M,1971-10-16
434,Lucyna,KRAJEWSKA,F,1952-07-22
435,Wacława,PIOTROWSKA,F,1987-08-09
436,Agata,TOMASZEWSKA,F,1952-07-27
437,Felicja,MACIEJEWSKA,F,1948-05-13
438,Mirosława,ZIÓŁKOWSKA,F,1979-05-19
439,Ludwika,NOWAK,F,1957-09-09
440,Radosław,DUDA,M,1988-12-14
441,Radosław,DUDEK,M,1958-05-02
442,Róża,MAZUR,F,1972-04-02
443,Antoni,MAJEWSKI,M,1954-01-16
444,Jakub,WÓJCIK,M,1971-05-04
445,Władysław,BĄK,M,1952-06-30
446,Karolina,ZAJĄC,F,1960-10-10
447,Adela,KAMIŃSKA,F,1945-05-14
448,Janina,SIKORSKA,F,1991-03-14
449,Q,ADAMCZYK,F,1971-01-25
450,Mariola,ZAWADZKA,F,1977-06-18
451,Sławomir,ADAMCZYK,M,1964-10-22
452,Franciszka,JABŁOŃSKA,F,1997-09-17
453,Władysław,BRZEZIŃSKI,M,1985-01-02
454,Olga,CZERWIŃSKA,F,1976-01-28
455,Helena,DĄBROWSKA,F,1951-02-12
456,Katarzyna,CHMIELEWSKA,F,1945-03-01
457,Artur,SZYMCZAK,M,1995-10-16
458,Arkadiusz,OLSZEWSKI,M,1959-01-20
459,Eleonora,ZAKRZEWSKA,F,1965-12-28
460,Daniel,KALINOWSKI,M,1949-07-27
461,Dariusz,JASIŃSKI,M,1988-04-07
462,Hieronim,RUTKOWSKI,M,1976-01-06
463,Zygmunt,KRUPA,M,1982-09-05
464,Ludwika,GÓRSKA,F,2001-02-23
465,Magdalena,ZAWADZKA,F,1946-07-26
466,Maria,BŁASZCZYK,F,1950-04-27
467,Joanna,KAŹMIERCZAK,F,1994-05-21
468,Marcin,ZALEWSKI,M,1997-12-22
469,Adela,STĘPIEŃ,F,2002-12-02
470,Zdzisław,CZARNECKI,M,1963-05-19
471,Henryk,ANDRZEJEWSKI,M,1949-05-09
472,Emil,LEWANDOWSKI,M,1944-10-10
473,Włodzimierz,CHMIELEWSKI,M,1976-01-21
474,Zenon,ZALEWSKI,M,1989-03-21
475,Alfons,DUDA,M,1980-06-02
476,Aneta,MAZUREK,F,1997-12-11
477,Bogumiła,WOJCIECHOWSKA,F,1952-02-08
478,Halina,BOROWSKA,F,1972-11-30
479,Cezary,SZULC,M,1986-08-25
480,Radosław,BŁASZCZYK,M,1975-09-02
481,Teresa,SZYMAŃSKA,F,1968-08-26
482,Roman,KONIECZNY,M,1994-01-19
483,Ewa,MAJEWSKA,F,2000-09-20
484,Benedykt,BRZEZIŃSKI,M,1953-02-11
485,Dariusz,URBAŃSKI,M,1964-03-09
486,Cecylia,DĄBROWSKA,F,1977-03-20
487,Jacek,LIS,M,1970-11-02
488,Mieczysław,WRÓBLEWSKI,M,1961-12-10
489,Czesław,JANKOWSKI,M,1966-01-20
490,Daniela,BORKOWSKA,F,1954-03-23
491,Aldona,NOWAK,F,1958-03-11
492,Maria,WRÓBLEWSKA,F,1969-10-28
493,Magdalena,JASIŃSKA,F,1981-07-20
494,Tomasz,KRUPA,M,1995-07-06
495,Andrzej,ADAMSKI,M,1953-08-16
496,Felicja,SADOWSKA,F,1974-01-07
497,Hieronim,JASIŃSKI,M,1995-01-23
498,Kazimierz,BŁASZCZYK,M,1997-11-14
499,Małgorzata,ZALEWSKA,F,1997-09-09
500,Helena,SZYMAŃSKA,F,1974-06-05
501,Teresa,TOMASZEWSKA,F,1983-02-26
502,Adam,OLSZEWSKI,M,1983-07-03
503,Grzegorz,ZALEWSKI,M,1949-01-27
504,Mieczysława,GRABOWSKA,F,1999-11-28
505,Maria,WÓJCIK,F,1965-01-17
506,Czesław,MAJEWSKI,M,1991-08-04
507,Janusz,MAZUREK,M,1990-08-17
508,Robert,BRZEZIŃSKI,M,1999-08-09
509,Bernadeta,PAWŁOWSKA,F,1995-09-16
510,Adolf,LIS,M,1954-05-06
511,Danuta,WOJCIECHOWSKA,F,1955-09-26
512,Alojzy,LASKOWSKI,M,1998-12-29
513,Wacław,BŁASZCZYK,M,1959-06-02
514,Adam,KACZMARCZYK,M,1945-01-09
515,Justyna,RUTKOWSKA,F,1945-05-30
516,Jarosław,KOŁODZIEJ,M,1991-08-25
517,,JAKUBOWSKI,M,1971-04-10
518,Bogusława,WOŹNIAK,F,1993-03-24
519,Aniela,KOZŁOWSKA,F,1966-08-12
520,Izabela,SZYMAŃSKA,F,1958-04-10
521,Władysława,WRÓBEL,F,1955-01-21
522,Zbigniew,ZIELIŃSKI,M,1969-04-23
523,Władysław,JASIŃSKI,M,1997-04-17
524,Sławomir,KACZMAREK,M,1980-11-30
525,Marzena,GRABOWSKA,F,1954-03-09
526,Agata,LIS,F,1995-03-20
527,Władysława,GÓRSKA,F,1995-10-23
528,Aniela,MRÓZ,F,1984-10-25
529,Beata,GRABOWSKA,F,1944-10-01
530,Mikołaj,CZERWIŃSKI,M,1961-06-09
531,Radosław,SOBCZAK,M,1999-10-28
532,Jadwiga,CHMIELEWSKA,F,1943-09-12
533,Damian,KOWALSKI,M,1953-07-16
534,Antoni,MICHALSKI,M,1944-05-08
535,Cecylia,BORKOWSKA,F,1980-08-13
536,Roman,KUBIAK,M,1955-11-15
537,Ewa,OLSZEWSKA,F,1960-11-23
538,Jakub,SOKOŁOWSKI,M,1955-09-24
539,Henryka,WRÓBEL,F,1958-09-13
540,Ewa,KAMIŃSKA,F,1997-08-20
541,Adela,DĄBROWSKA,F,1968-10-04
542,Tomasz,JABŁOŃSKI,M,1960-05-17
543,Gertruda,KAMIŃSKA,F,1961-10-31
544,Eleonora,CZERWIŃSKA,F,1949-11-15
545,Marianna,KACZMAREK,F,1989-01-03
546,Arkadiusz,KRAJEWSKI,M,1996-10-05
547,Czesława,CHMIELEWSKA,F,1968-10-07
548,Bolesław,CHMIELEWSKI,M,1955-05-18
549,Agata,BOROWSKA,F,1963-02-01
550,Leon,ZIELIŃSKI,M,1969-02-06
551,Bogumił,ZAWADZKI,M,1981-10-03
552,Natalia,WITKOWSKA,F,1998-04-19
553,Dorota,BORKOWSKA,F,1983-06-23
554,Wiesława,CZARNECKA,F,1957-09-03
555,Ludwika,GÓRECKA,F,1962-03-17
556,Gertruda,WIŚNIEWSKA,F,1971-11-07
557,Edmund,KALINOWSKI,M,1966-11-10
558,Janina,MAZUREK,F,1944-10-04
559,Bogusław,OSTROWSKI,M,1966-01-25
560,Lidia,WOŹNIAK,F,1949-06-25
561,Maciej,WALCZAK,M,1989-01-13
562,Zdzisław,KOŁODZIEJ,M,1951-06-21
563,Helena,RUTKOWSKA,F,1987-01-28
564,Marcin,SOKOŁOWSKI,M,1973-06-18
565,Henryk,MARCINIAK,M,1961-06-01
566,Aneta,JABŁOŃSKA,F,1957-05-11
567,Sabina,MAZUR,F,1990-01-24
568,Ireneusz,WALCZAK,M,1983-11-19
569,Irena,URBAŃSKA,F,1971-08-13
570,Bronisław,PIETRZAK,M,1982-09-16
571,Aneta,WÓJCIK,F,1976-07-14
572,Waldemar,CHMIELEWSKI,M,1951-01-25
573,Emilia,ZIELIŃSKA,F,1952-10-09
574,Danuta,KACZMARCZYK,F,1970-05-10
575,Waldemar,WÓJCIK,M,1950-07-04
576,Emil,SZYMCZAK,M,1972-05-08
577,Wacława,OLSZEWSKA,F,1945-03-26
578,Zdzisław,WIŚNIEWSKI,M,1956-05-18
579,Grażyna,BARANOWSKA,F,1995-06-26
580,Ludwik,KOZŁOWSKI,M,1976-01-22
581,Wiktoria,SOBCZAK,F,1964-02-27
582,Aleksandra,NOWAKOWSKA,F,1999-05-08
583,Mieczysława,MICHALSKA,F,1952-04-08
584,Lesław,KONIECZNY,M,1998-07-06
585,Józefa,NOWAK,F,1945-01-05
586,Witold,STĘPIEŃ,M,1993-09-24
587,Władysław,WASILEWSKI,M,1944-08-19
588,Marianna,WYSOCKA,F,1988-09-08
589,Halina,ANDRZEJEWSKA,F,2001-02-15
590,Gabriela,LASKOWSKA,F,1947-10-14
591,Krzysztof,KACZMAREK,M,1990-04-08
592,Bernard,JAKUBOWSKI,M,1963-09-21
593,Mirosław,JAWORSKI,M,1984-01-12
594,Marian,ZIELIŃSKI,M,1963-02-13
595,Wiesław,SZEWCZYK,M,1990-12-23
596,Dariusz,STĘPIEŃ,M,1992-04-12
597,Łucja,MAZUREK,F,1975-06-13
598,Aldona,SZYMAŃSKA,F,1952-07-03
599,Teodor,ADAMSKI,M,2002-12-13
600,Edyta,JANKOWSKA,F,1977-05-18
601,Lucyna,SIKORA,F,1968-11-20
602,Tadeusz,GAJEWSKI,M,1953-07-05
603,Damian,WITKOWSKI,M,1967-07-23
604,Jolanta,ADAMSKA,F,1949-02-12
605,Aniela,JAWORSKA,F,1961-11-17
606,Bogdan,ZALEWSKI,M,1972-12-24
607,Daniel,JANKOWSKI,M,1985-07-01
608,Cecylia,,F,1992-09-22
609,Jolanta,ZALEWSKA,F,1962-03-14
610,Wincenty,MAJEWSKI,M,1994-04-25
611,Janusz,PAWŁOWSKI,M,1993-06-23
612,Justyna,KRUPA,F,1996-08-28
613,Apolonia,WIŚNIEWSKA,F,1949-07-15
614,Jakub,OSTROWSKI,M,1958-05-15
615,Zdzisław,STĘPIEŃ,M,2002-01-23
616,Ludwik,KUCHARSKI,M,1978-04-25
617,Karolina,KAMIŃSKA,F,1944-08-31
618,Magdalena,PAWŁOWSKA,F,1977-06-19
619,Paweł,WRÓBEL,M,1988-08-22
620,Lesław,MAJEWSKI,M,1953-04-20
621,Lucjan,WŁODARCZYK,M,1998-04-08
622,Daniela,BARANOWSKA,F,1969-05-25
623,Bernadeta,WIŚNIEWSKA,F,1956-05-20
624,Krystyna,KRAJEWSKA,F,1949-11-25
625,Monika,MARCINIAK,F,1994-06-27
626,Konrad,SIKORA,M,2000-03-25
627,Stefania,MARCINIAK,F,1961-11-20
628,Lidia,PAWŁOWSKA,F,1975-07-19
629,Marian,SZYMAŃSKI,M,1946-02-24
630,Daniela,KAŹMIERCZAK,F,1972-09-09
631,Włodzimierz,ZIÓŁKOWSKI,M,1944-07-02
632,Gabriela,GÓRSKA,F,1995-04-08
633,Bronisława,BŁASZCZYK,F,1970-02-06
634,Emil,MACIEJEWSKI,M,1965-04-03
635,Julian,URBAŃSKI,M,1952-06-24
636,Małgorzata,SZEWCZYK,F,1993-06-10
637,Mirosław,WASILEWSKI,M,1974-05-22
638,Teresa,CZARNECKA,F,1994-01-05
639,Sebastian,WOŹNIAK,M,2001-12-07
640,Konrad,SIKORSKI,M,1952-11-12
641,Łucja,GÓRECKA,F,1992-07-02
642,Wiesława,WOJCIECHOWSKA,F,1996-06-19
643,Wanda,PAWŁOWSKA,F,1948-01-11
644,Wincenty,KRAJEWSKI,M,1968-06-20
645,Wanda,KALINOWSKA,F,2000-04-17
646,Wanda,WIECZOREK,F,1990-07-25
647,Krzysztof,ZAJĄC,M,1950-11-15
648,Władysława,SZCZEPAŃSKA,F,1979-01-12
649,Edyta,STĘPIEŃ,F,1977-03-22
650,Robert,SIKORSKI,M,1970-10-25
651,Mieczysława,KWIATKOWSKA,F,1944-03-13
652,Lucyna,SOKOŁOWSKA,F,1980-01-24
653,Aneta,CZERWIŃSKA,F,1961-10-13
654,Wincenty,GÓRSKI,M,1949-10-26
655,Bronisława,DUDEK,F,1958-02-11
656,Romuald,ADAMCZYK,M,1988-11-01
657,Gabriela,MAZUR,F,1979-04-03
658,Agata,WOJCIECHOWSKA,F,1989-03-13
659,Violetta,TOMASZEWSKA,F,1974-02-03
660,Jadwiga,WIECZOREK,F,1983-11-16
661,Teresa,JAKUBOWSKA,F,1966-05-16
662,Magdalena,MRÓZ,F,1950-03-25
663,Aleksandra,ZAJĄC,F,2001-10-20
664,Barbara,DĄBROWSKA,F,1949-09-30
665,Aldona,KUCHARSKA,F,1998-10-31
666,Maria,KRAJEWSKA,F,1982-01-25
667,Krystian,LEWANDOWSKI,M,1983-03-17
668,Zygmunt,BRZEZIŃSKI,M,1966-07-15
669,Eleonora,GAJEWSKA,F,1951-03-31
670,Aleksandra,URBAŃSKA,F,1992-11-30
671,Mariusz,BARAN,M,1978-04-25
672,Władysława,OLSZEWSKA,F,1991-10-06
673,Róża,PAWŁOWSKA,F,1980-09-30
674,Zygmunt,DĄBROWSKI,M,1971-12-09
675,Walenty,KALINOWSKI,M,2002-12-08
676,Łukasz,JANKOWSKI,M,1972-10-17
677,Bogusław,SIKORA,M,1983-02-25
678,Jerzy,SZULC,M,1993-05-27
679,Witold,KOWALCZYK,M,2001-06-11
680,Bronisław,SADOWSKI,M,1982-02-28
681,Arkadiusz,PAWŁOWSKI,M,1957-11-01
682,Walentyna,ZIELIŃSKA,F,1953-10-08
683,Teresa,TOMASZEWSKA,F,1981-05-23
684,Agata,KAMIŃSKA,F,1971-01-22
685,Adam,SOKOŁOWSKI,M,1947-02-09
686,Brygida,PRZYBYLSKA,F,1959-04-01
687,Sabina,SIKORSKA,F,1995-09-21
688,Honorata,SZYMAŃSKA,F,1984-09-03
689,Arkadiusz,SIKORA,M,1995-12-02
690,Dorota,WITKOWSKA,F,2002-03-07
691,Norbert,DUDA,M,1965-06-25
692,Justyna,TOMASZEWSKA,F,1974-12-06
693,Szczepan,KOWALCZYK,M,1943-05-04
694,Gertruda,WYSOCKA,F,1990-09-06
695,Leon,RUTKOWSKI,M,1980-11-27
696,Roman,WOJCIECHOWSKI,X,1982-01-21
697,Zenon,KOZŁOWSKI,M,1963-11-15
698,Wiktor,BOROWSKI,M,1953-06-13
699,Romuald,KWIATKOWSKI,M,1956-03-30
700,Jacek,SZCZEPAŃSKI,M,1949-10-26
701,Krzysztof,WYSOCKI,M,1954-11-21
702,Tadeusz,NOWAKOWSKI,M,1947-12-14
703,Danuta,WYSOCKA,F,1948-05-02
704,Jacek,WRÓBLEWSKI,M,1964-03-25
705,Eugenia,MICHALAK,F,1961-01-12
706,Gertruda,NOWICKA,F,1957-02-02
707,Witold,WIŚNIEWSKI,M,1970-06-10
708,Witold,ANDRZEJEWSKI,M,1965-12-04
709,Ludwik,KOZŁOWSKI,M,1956-10-07
710,Mirosława,PRZYBYLSKA,F,1964-05-23
711,Ludwika,WRÓBEL,F,1990-05-21
712,Eleonora,MRÓZ,F,1965-11-05
713,Apolonia,WÓJCIK,F,1970-02-19
714,Marta,GÓRECKA,F,1994-02-24
715,Aldona,KOWALCZYK,F,2000-06-05
716,Agata,MICHALSKA,F,1966-11-30
717,Lidia,WRÓBLEWSKA,F,1950-04-26
718,Hanna,LEWANDOWSKA,F,1990-03-11
719,Jan,BARAN,M,1975-04-23
720,Danuta,URBAŃSKA,F,1989-11-19
721,Aneta,CZERWIŃSKA,F,1990-03-24
722,Honorata,WIŚNIEWSKA,F,1979-07-27
723,Adela,KRAJEWSKA,F,1953-05-26
724,Cezary,WIECZOREK,M,1999-02-06
725,Ludwik,MRÓZ,M,1966-01-11
726,Honorata,KOWALCZYK,F,1984-08-11
727,Krzysztof,TOMASZEWSKI,M,1984-07-29
728,Ryszard,MAZUREK,M,1950-12-10
729,Teodor,KOŁODZIEJ,M,1982-05-15
730,Bogumiła,MAKOWSKA,F,1948-05-28
731,Janusz,NOWAK,M,1984-01-18
732,Mieczysława,DĄBROWSKA,F,1995-11-14
733,Zygmunt,WOŹNIAK,M,1995-08-31
734,Wiktor,ANDRZEJEWSKI,M,1994-06-23
735,Aldona,KOZŁOWSKA,F,1954-04-05
736,Franciszka,MRÓZ,F,1950-09-14
737,Julia,BORKOWSKA,F,1987-12-26
738,Bogusława,JABŁOŃSKA,F,1982-11-13
739,Wacław,WŁODARCZYK,M,1943-11-12
740,Karolina,BORKOWSKA,F,1990-01-17
741,Mirosław,NOWAKOWSKI,M,1943-04-24
742,Renata,KOWALCZYK,F,1986-07-05
743,Natalia,PIETRZAK,F,1993-01-15
744,Mieczysław,SIKORA,M,1991-04-13
745,Lucyna,DUDA,F,1961-11-11
746,Stefania,DĄBROWSKA,F,1966-04-25
747,Roman,MACIEJEWSKI,M,1959-08-13
748,Teresa,ZIELIŃSKA,F,1981-12-24
749,Hieronim,JABŁOŃSKI,M,2000-05-12
750,Bogusław,WRÓBLEWSKI,M,1964-09-15
751,Franciszek,STĘPIEŃ,M,1944-04-05
752,Dariusz,KRAWCZYK,M,1970-08-12
753,Antoni,BŁASZCZYK,M,1965-11-29
754,Bolesław,JAWORSKI,M,1985-07-27
755,Tomasz,JABŁOŃSKI,M,1998-01-11
756,Alina,MARCINIAK,F,1985-09-14
757,Piotr,JAKUBOWSKI,M,1979-09-19
758,Antonina,MAZUR,F,1950-10-02
759,Sylwester,ZIÓŁKOWSKI,M,2001-03-12
760,Krzysztof,NOWICKI,M,1977-12-17
761,Aleksander,KOWALSKI,M,1947-07-14
762,Ilona,JASIŃSKA,F,1996-03-05
763,Jarosław,KUCHARSKI,M,1950-04-05
764,Stanisława,KACZMARCZYK,F,1954-05-23
765,Artur,MICHALAK,M,1985-07-18
766,Barbara,WYSOCKA,F,1950-08-04
767,Mirosława,WYSOCKA,F,1983-05-20
768,Czesława,JANKOWSKA,F,1975-09-30
769,Wacława,BORKOWSKA,F,1969-11-12
770,Agnieszka,WILK,F,1943-06-07
771,Tadeusz,KALINOWSKI,M,1959-02-13
772,Radosław,KACZMAREK,M,1999-02-12
773,Leonard,SZYMCZAK,M,1954-02-28
774,Wojciech,WYSOCKI,M,1998-03-09
775,Feliks,GŁOWACKI,M,1996-06-08
776,Hanna,BORKOWSKA,F,1949-03-11
777,Sebastian,ZALEWSKI,M,1952-07-16
778,Krystyna,KRAWCZYK,F,1994-03-09
779,Kazimierz,KOZŁOWSKI,M,1960-06-19
780,Anna,KACZMARCZYK,F,1949-12-06
781,Jakub,KRÓL,M,1948-12-28
782,Jacek,OLSZEWSKI,M,1964-02-03
783,Ireneusz,ZAJĄC,M,1986-08-21
784,Genowefa,OLSZEWSKA,F,1987-12-23
785,Adela,MAZUR,F,1963-09-25
786,Katarzyna,KOŁODZIEJ,F,1949-08-25
787,Tomasz,KOWALSKI,M,1974-04-20
788,Cecylia,KRÓL,F,1977-12-16
789,Wojciech,ZAWADZKI,M,1991-03-31
790,Regina,MARCINIAK,F,1953-01-03
791,Rozalia,SZULC,F,1991-09-02
792,Julian,SZCZEPAŃSKI,M,1992-01-03
793,,JANKOWSKI,Q,1980-04-03
794,Damian,KWIATKOWSKI,M,1976-10-15
795,Alfreda,ZALEWSKA,F,1978-05-29
796,Urszula,MICHALSKA,F,1970-06-05
797,Jadwiga,KRAJEWSKA,F,2000-01-06
798,Cecylia,SZCZEPAŃSKA,F,1980-11-18
799,Tadeusz,KALINOWSKI,M,1996-06-17
800,Andrzej,JANKOWSKI,M,1967-01-06
801,Aleksandra,DUDEK,F,1955-01-22
802,Sylwia,SIKORA,F,1960-10-28
803,Roman,SOKOŁOWSKI,M,1987-11-25
804,Leokadia,KRAWCZYK,F,1954-10-19
805,Eugeniusz,KACZMAREK,M,1960-06-11
806,Anna,PAWLAK,F,1970-10-14
807,Teresa,SZYMAŃSKA,F,1957-03-22
808,Marzena,KWIATKOWSKA,F,1951-04-15
809,Feliks,KUCHARSKI,M,1953-03-15
810,Stefan,WILK,M,1985-02-02
811,Radosław,KOŁODZIEJ,M,1949-08-27
812,Bolesław,MAZUR,M,1959-06-23
813,Antonina,MAJEWSKA,F,1953-03-07
814,Henryka,KRAWCZYK,F,1978-10-09
815,Walentyna,KACZMAREK,F,1974-10-17
816,Dariusz,SZYMCZAK,M,1963-04-10
817,Lesław,KONIECZNY,M,1955-09-30
818,Andrzej,JABŁOŃSKI,M,1981-03-29
819,Mariusz,BOROWSKI,M,1963-09-05
820,Mieczysław,JASIŃSKI,M,1998-11-12
821,Krystian,ZIÓŁKOWSKI,M,1958-12-05
822,Daniel,SZCZEPAŃSKI,M,1995-03-10
823,Lucyna,ZAJĄC,F,1999-11-13
824,Róża,SIKORA,F,1990-09-12
825,Hubert,CZERWIŃSKI,M,1983-03-26
826,Ignacy,BRZEZIŃSKI,M,1978-05-10
827,Alfred,KOWALCZYK,M,2002-09-18
828,Sylwia,ADAMSKA,F,1995-02-02
829,Norbert,SIKORA,M,1972-06-04
830,Eleonora,ZIÓŁKOWSKA,F,1996-04-10
831,Olga,BŁASZCZYK,F,1962-08-06
832,Mirosława,WÓJCIK,F,1998-01-18
833,Lucyna,WIECZOREK,F,1944-07-05
834,Natalia,ZAJĄC,F,1962-01-01
835,Jacek,TOMASZEWSKI,M,1971-11-04
836,Radosław,BRZEZIŃSKI,M,1984-09-03
837,Wiesława,PAWŁOWSKA,F,1995-09-24
838,Aniela,BOROWSKA,F,1986-10-19
839,Artur,MACIEJEWSKI,M,1997-11-24
840,Beata,SOKOŁOWSKA,F,1990-07-21
841,Jakub,KRAJEWSKI,M,1978-07-16
842,Mirosława,KACZMAREK,F,1952-07-18
843,Zofia,BŁASZCZYK,F,1950-04-30
844,Irena,OSTROWSKA,F,1985-08-11
845,Bernadeta,CZARNECKA,F,1965-08-15
846,Bogdan,KRAJEWSKI,M,1999-06-26
847,Krystyna,ZALEWSKA,F,1948-11-05
848,Lesław,ADAMCZYK,M,1993-12-24
849,Henryka,BOROWSKA,F,1990-08-18
850,Jadwiga,KWIATKOWSKA,F,1944-11-06
851,Edyta,JABŁOŃSKA,F,1946-06-06
852,Stanisława,SOKOŁOWSKA,F,1946-05-03
853,Marek,KWIATKOWSKI,M,1985-06-15
854,Wacława,KALINOWSKA,F,2000-04-05
855,Celina,SZEWCZYK,F,1943-04-28
856,Józefa,WASILEWSKA,F,1967-10-05
857,Grzegorz,KACZMARCZYK,M,1971-05-16
858,Hanna,WÓJCIK,F,1960-11-30
859,Mariusz,WRÓBLEWSKI,M,1973-07-05
860,Artur,MACIEJEWSKI,M,1958-01-26
861,Aniela,MICHALSKA,F,1960-03-29
862,Ireneusz,WOJCIECHOWSKI,M,1998-02-18
863,Krystian,LEWANDOWSKI,M,1967-10-17
864,Róża,WALCZAK,F,1976-07-27
865,Olga,KWIATKOWSKA,F,1961-01-16
866,Janusz,MAKOWSKI,M,1973-10-01
867,Szczepan,LASKOWSKI,M,1955-03-11
868,Ignacy,JASIŃSKI,M,1949-06-28
869,Hanna,GŁOWACKA,F,1977-11-26
870,Henryk,WOJCIECHOWSKI,M,1976-08-21
871,Marcin,WALCZAK,M,1975-08-29
872,Aneta,JASIŃSKA,F,1961-04-14
873,Sabina,KUBIAK,F,1965-11-27
874,Emilia,TOMASZEWSKA,F,1965-09-09
875,Julian,LEWANDOWSKI,M,1979-02-13
876,Brygida,KRAWCZYK,F,1987-11-29
877,Marzena,ZIÓŁKOWSKA,F,1945-01-31
878,Antonina,WRÓBLEWSKA,F,1974-08-12
879,Bogumiła,DUDEK,F,1962-08-01
880,Julian,SZCZEPAŃSKI,M,1988-12-25
881,Julia,KRAJEWSKA,F,1997-07-28
882,Lidia,SZULC,F,1989-06-10
883,Wacława,BRZEZIŃSKA,F,1947-11-05
884,Pelagia,TOMASZEWSKA,F,1959-05-25
885,Benedykt,SZULC,M,1995-01-08
886,Bernard,BARAN,M,1948-01-01
887,Weronika,MAKOWSKA,F,1992-06-02
888,Sylwester,SAWICKI,M,1960-01-03
889,Michalina,MICHALSKA,F,1974-02-24
890,Julia,PAWLAK,F,1953-08-20
891,Norbert,KWIATKOWSKI,M,1999-12-10
892,Lidia,JAWORSKA,F,1973-07-25
893,Teodor,ZALEWSKI,M,1997-04-05
894,Michalina,WRÓBLEWSKA,F,1986-11-10
895,Halina,WOŹNIAK,F,1991-04-25
896,Włodzimierz,WYSOCKI,M,1968-02-19
897,Piotr,SZULC,M,1969-09-13
898,Karol,NOWAK,M,1956-10-21
899,Wacława,MAZUR,F,1965-08-26
900,Wojciech,OSTROWSKI,M,1954-11-15
901,Stanisław,LEWANDOWSKI,M,1993-07-13
902,Sabina,GAJEWSKA,F,1970-10-06
903,Maciej,SZEWCZYK,M,1979-03-18
904,Czesław,TOMASZEWSKI,M,1943-04-19
905,Barbara,CZARNECKA,F,1944-06-08
906,Franciszka,MAKOWSKA,F,1954-02-27
907,Iwona,WITKOWSKA,F,1949-02-22
908,Aleksander,NOWICKI,M,1969-05-09
909,Wioletta,ZIÓŁKOWSKA,F,1972-08-05
910,Regina,CIEŚLAK,F,1988-03-30
911,Lidia,ADAMCZYK,F,1974-06-28
912,Marzena,SIKORSKA,F,1967-08-22
913,Mirosława,PIETRZAK,F,1990-07-16
914,Benedykt,CIEŚLAK,M,1993-05-27
915,Aleksandra,WASILEWSKA,F,1993-07-04
916,Zdzisława,TOMASZEWSKA,F,1949-12-06
917,Iwona,SZCZEPAŃSKA,F,1970-10-24
918,Urszula,URBAŃSKA,F,1964-06-18
919,Magdalena,KOZŁOWSKA,F,1992-03-05
920,Aleksander,JAKUBOWSKI,M,1968-10-23
921,Joanna,MICHALSKA,F,1991-10-27
922,Pelagia,KOŁODZIEJ,F,1945-06-14
923,Wacław,LEWANDOWSKI,M,1975-09-06
924,Julia,SZYMCZAK,F,1943-04-19
925,Łukasz,KRAWCZYK,M,1959-11-28
926,Violetta,KOWALSKA,F,1999-01-18
927,Irena,BARANOWSKA,F,1986-10-24
928,Edward,KRAWCZYK,M,1970-05-01
929,Stefan,CHMIELEWSKI,M,1982-04-09
930,Ludwika,KOWALCZYK,F,1984-11-18
931,Wiesław,ANDRZEJEWSKI,M,1998-04-16
932,Lesław,MICHALSKI,M,1981-03-23
933,Adolf,WOJCIECHOWSKI,M,1956-09-30
934,Wacław,MACIEJEWSKI,M,1952-06-05
935,Czesław,LIS,M,1985-07-15
936,Karolina,BORKOWSKA,F,1971-09-19
937,Leon,KUBIAK,M,1967-09-18
938,Władysława,ZAJĄC,F,1965-08-29
939,Lech,BORKOWSKI,M,1971-05-28
940,Jadwiga,PIOTROWSKA,F,1966-12-13
941,Ludwika,TOMASZEWSKA,F,1953-12-30
942,Kazimierz,KACZMARCZYK,M,1963-10-09
943,Ryszard,BORKOWSKI,M,1956-12-03
944,Teodor,ZIELIŃSKI,M,1986-03-30
945,Radosław,ZAKRZEWSKI,M,1994-01-24
946,Bronisława,BŁASZCZYK,F,1960-01-12
947,Hieronim,MAZUR,M,1991-03-21
948,Tomasz,CHMIELEWSKI,M,1978-09-09
949,Lech,CHMIELEWSKI,M,1955-01-23
950,Antonina,MAZUREK,F,1964-10-08
951,Lesław,KAMIŃSKI,M,1979-11-28
952,Hieronim,SOBCZAK,M,1973-07-04
953,Janina,NOWICKA,F,1960-07-17
954,Zdzisława,KRAWCZYK,F,1955-11-17
955,Zygmunt,KRÓL,M,1957-09-22
956,Joachim,JASIŃSKI,M,1945-07-05
957,Aniela,WOJCIECHOWSKA,F,1961-09-20
958,Leon,PIETRZAK,M,1969-01-25
959,Anna,BARANOWSKA,F,1955-10-12
960,Wacław,PRZYBYLSKI,M,1944-12-29
961,Sabina,LEWANDOWSKA,F,1967-06-14
962,Antonina,MAKOWSKA,F,2000-05-20
963,Helena,TOMASZEWSKA,F,1960-04-08
964,Andrzej,MARCINIAK,M,2001-11-28
965,Eugenia,KUBIAK,F,1943-04-18
966,Anna,WALCZAK,F,1959-09-30
967,Eugeniusz,MALINOWSKI,M,2001-02-17
968,Krystyna,PRZYBYLSKA,F,1950-06-19
969,Grzegorz,PRZYBYLSKI,M,1955-07-13
970,Rafał,ADAMSKI,M,1988-12-23
971,Ludwik,WILK,M,1998-04-28
972,Łukasz,SIKORA,M,1974-09-19
973,Wacław,SAWICKI,M,1984-12-14
974,Sylwia,MARCINIAK,F,1998-06-01
975,Wioletta,PIOTROWSKA,F,1957-01-22
976,Eugenia,BOROWSKA,F,1958-08-07
977,Antonina,JASIŃSKA,F,1995-01-17
978,Bogumił,NOWAK,M,1990-04-10
979,Beata,WRÓBEL,F,1953-11-15
980,Leonard,SZULC,M,1992-12-23
981,Sławomir,ZAJĄC,M,1984-04-06
982,Andrzej,ANDRZEJEWSKI,M,1975-05-03
983,Justyna,WRÓBLEWSKA,F,1988-11-19
984,Cecylia,DĄBROWSKA,F,1979-12-05
985,Anna,KWIATKOWSKA,F,2001-12-07
986,Alojzy,STĘPIEŃ,M,1984-06-06
987,Roman,DUDA,M,1944-02-14
988,Cecylia,MAZUREK,F,1987-07-30
989,Cecylia,KUBIAK,F,1977-01-06
990,Olga,SIKORA,F,1973-03-01
991,Aleksander,STĘPIEŃ,M,1994-10-27
992,Mariola,KRAJEWSKA,F,1997-10-10
993,Tadeusz,BORKOWSKI,M,2001-06-20
994,Marek,GŁOWACKI,M,1954-03-30
995,Daniel,WÓJCIK,M,1957-01-01
996,Karol,WIECZOREK,M,1962-07-11
997,Felicja,KUCHARSKA,F,1979-08-06
998,Jacek,ZAWADZKI,M,1961-01-02
999,Damian,BŁASZCZYK,M,2002-05-20
1000,Leokadia,CIEŚLAK,F,1963-10-25